_id,name,slug,description,category,subcategory,price,discount_price,currency,image_url,gallery_images[0],gallery_images[1],is_available,is_veg,is_featured,is_trending,is_special,rating,rating_count,preparation_time,stock_quantity,calories,tags[0],tags[1],ingredients[0],ingredients[1],ingredients[2],created_at,updated_at,allergens[0],allergens[1]
6a033bda4b50de809d0702b6,Classic Veg Burger 1,classic-veg-burger-1,Served hot and tasty.,snacks,burger,118,118,INR,https://images.unsplash.com/photo-1568901346375-23c9450c58cd?q=80&w=600&auto=format&fit=crop,https://images.unsplash.com/photo-1550547660-d9450f859349?q=80&w=600&auto=format&fit=crop,https://images.unsplash.com/photo-1571091718767-18b5b1457add?q=80&w=600&auto=format&fit=crop,true,true,false,true,true,3.9,1039,23,30,759,fresh,best seller,Cheese,Sauce,Vegetables,2026-05-12T14:37:28.485007,2026-05-12T14:37:28.485016,,
6a033bda4b50de809d0702b7,Chicken Burger 2,chicken-burger-2,Rich flavor and satisfying taste.,snacks,burger,86,76,INR,https://images.unsplash.com/photo-1568901346375-23c9450c58cd?q=80&w=600&auto=format&fit=crop,https://images.unsplash.com/photo-1550547660-d9450f859349?q=80&w=600&auto=format&fit=crop,https://images.unsplash.com/photo-1571091718767-18b5b1457add?q=80&w=600&auto=format&fit=crop,true,false,true,false,false,4.5,753,15,52,343,cheesy,popular,Cheese,Sauce,Vegetables,2026-05-12T14:37:28.485087,2026-05-12T14:37:28.485090,,
6a033bda4b50de809d0702b8,Paneer Wrap 3,paneer-wrap-3,Perfect for your cravings.,snacks,wrap,96,76,INR,https://images.unsplash.com/photo-1562059390-a761a084768e?q=80&w=600&auto=format&fit=crop,https://images.unsplash.com/photo-1509722747041-616f39b57569?q=80&w=600&auto=format&fit=crop,https://images.unsplash.com/photo-1498837167922-ddd27525d352?q=80&w=600&auto=format&fit=crop,true,true,true,true,false,4.1,228,23,12,880,best seller,fresh,Cheese,Sauce,Vegetables,2026-05-12T14:37:28.485128,2026-05-12T14:37:28.485130,,
6a033bda4b50de809d0702b9,Chicken Wrap 4,chicken-wrap-4,Freshly prepared and delicious.,snacks,wrap,84,64,INR,https://images.unsplash.com/photo-1562059390-a761a084768e?q=80&w=600&auto=format&fit=crop,https://images.unsplash.com/photo-1509722747041-616f39b57569?q=80&w=600&auto=format&fit=crop,https://images.unsplash.com/photo-1498837167922-ddd27525d352?q=80&w=600&auto=format&fit=crop,true,false,true,true,false,4.8,545,20,13,379,spicy,cheesy,Cheese,Sauce,Vegetables,2026-05-12T14:37:28.485174,2026-05-12T14:37:28.485176,Milk,Gluten
6a033bda4b50de809d0702ba,French Fries 5,french-fries-5,Freshly prepared and delicious.,snacks,fries,163,163,INR,https://images.unsplash.com/photo-1573080496219-bb080dd4f877?q=80&w=600&auto=format&fit=crop,https://images.unsplash.com/photo-1576107232684-1279f390859f?q=80&w=600&auto=format&fit=crop,https://images.unsplash.com/photo-1585109649139-366815a0d713?q=80&w=600&auto=format&fit=crop,true,true,true,true,false,4.6,929,7,95,617,fresh,cheesy,Cheese,Sauce,Vegetables,2026-05-12T14:37:28.485204,2026-05-12T14:37:28.485206,,
6a033bda4b50de809d0702bb,Peri Peri Fries 6,peri-peri-fries-6,Perfect for your cravings.,snacks,fries,166,156,INR,https://images.unsplash.com/photo-1573080496219-bb080dd4f877?q=80&w=600&auto=format&fit=crop,https://images.unsplash.com/photo-1576107232684-1279f390859f?q=80&w=600&auto=format&fit=crop,https://images.unsplash.com/photo-1585109649139-366815a0d713?q=80&w=600&auto=format&fit=crop,true,true,false,true,true,4.2,25,13,81,208,cheesy,spicy,Cheese,Sauce,Vegetables,2026-05-12T14:37:28.485241,2026-05-12T14:37:28.485243,,
6a033bda4b50de809d0702bc,Veg Sandwich 7,veg-sandwich-7,Rich flavor and satisfying taste.,snacks,sandwich,164,164,INR,https://images.unsplash.com/photo-1528735602780-2552fd46c7af?q=80&w=600&auto=format&fit=crop,https://images.unsplash.com/photo-1553909489-cd47e0907980?q=80&w=600&auto=format&fit=crop,https://images.unsplash.com/photo-1504674900247-0877df9cc836?q=80&w=600&auto=format&fit=crop,true,true,false,false,true,4.4,1063,8,35,733,fresh,spicy,Cheese,Sauce,Vegetables,2026-05-12T14:37:28.485270,2026-05-12T14:37:28.485272,,
6a033bda4b50de809d0702bd,Club Sandwich 8,club-sandwich-8,Freshly prepared and delicious.,snacks,sandwich,112,112,INR,https://images.unsplash.com/photo-1528735602780-2552fd46c7af?q=80&w=600&auto=format&fit=crop,https://images.unsplash.com/photo-1553909489-cd47e0907980?q=80&w=600&auto=format&fit=crop,https://images.unsplash.com/photo-1504674900247-0877df9cc836?q=80&w=600&auto=format&fit=crop,true,false,true,true,false,4.5,232,15,80,805,best seller,cheesy,Cheese,Sauce,Vegetables,2026-05-12T14:37:28.485320,2026-05-12T14:37:28.485323,,
6a033bda4b50de809d0702be,Cheese Garlic Bread 9,cheese-garlic-bread-9,Freshly prepared and delicious.,snacks,bread,165,165,INR,https://images.unsplash.com/photo-1573140247632-f8fd74997d5c?q=80&w=600&auto=format&fit=crop,https://images.unsplash.com/photo-1544982503-9f984c14501a?q=80&w=600&auto=format&fit=crop,https://images.unsplash.com/photo-1619535860434-ba1d8fa12536?q=80&w=600&auto=format&fit=crop,true,true,true,false,false,4.7,1423,25,75,584,popular,spicy,Cheese,Sauce,Vegetables,2026-05-12T14:37:28.485353,2026-05-12T14:37:28.485355,Milk,Gluten
6a033bda4b50de809d0702bf,Chicken Nuggets 10,chicken-nuggets-10,Freshly prepared and delicious.,snacks,fried chicken,162,132,INR,https://images.unsplash.com/photo-1562967914-608f82629710?q=80&w=600&auto=format&fit=crop,https://images.unsplash.com/photo-1569058242253-92a9c755a0ec?q=80&w=600&auto=format&fit=crop,https://images.unsplash.com/photo-1626082927389-6cd097cdc6ec?q=80&w=600&auto=format&fit=crop,true,false,true,true,true,4.5,1345,30,67,778,best seller,crispy,Cheese,Sauce,Vegetables,2026-05-12T14:37:28.485395,2026-05-12T14:37:28.485398,Milk,Gluten
6a033bda4b50de809d0702c0,Cold Coffee 11,cold-coffee-11,Freshly prepared and delicious.,drinks,coffee,81,81,INR,https://images.unsplash.com/photo-1517701604599-bb29b565090c?q=80&w=600&auto=format&fit=crop,https://images.unsplash.com/photo-1490645935967-10de6ba17061?q=80&w=600&auto=format&fit=crop,https://images.unsplash.com/photo-1497515114629-f71d768fd07c?q=80&w=600&auto=format&fit=crop,true,true,true,true,true,4.5,378,21,19,815,popular,spicy,Cheese,Sauce,Vegetables,2026-05-12T14:37:28.485422,2026-05-12T14:37:28.485424,Milk,Gluten
6a033bda4b50de809d0702c1,Cappuccino 12,cappuccino-12,Served hot and tasty.,drinks,coffee,90,70,INR,https://images.unsplash.com/photo-1534778101976-62847782c213?q=80&w=600&auto=format&fit=crop,https://images.unsplash.com/photo-1490645935967-10de6ba17061?q=80&w=600&auto=format&fit=crop,https://images.unsplash.com/photo-1509042239860-f550ce710b93?q=80&w=600&auto=format&fit=crop,true,true,true,true,true,4,1363,6,51,854,cheesy,best seller,Cheese,Sauce,Vegetables,2026-05-12T14:37:28.485450,2026-05-12T14:37:28.485452,,
6a033bda4b50de809d0702c2,Cafe Latte 13,cafe-latte-13,Freshly prepared and delicious.,drinks,coffee,149,149,INR,https://images.unsplash.com/photo-1541167760496-1628856ab772?q=80&w=600&auto=format&fit=crop,https://images.unsplash.com/photo-1509042239860-f550ce710b93?q=80&w=600&auto=format&fit=crop,https://images.unsplash.com/photo-1517701604599-bb29b565090c?q=80&w=600&auto=format&fit=crop,true,true,false,true,true,4.2,577,14,48,499,popular,fresh,Cheese,Sauce,Vegetables,2026-05-12T14:37:28.485475,2026-05-12T14:37:28.485477,,
6a033bda4b50de809d0702c3,Chocolate Milkshake 14,chocolate-milkshake-14,Perfect for your cravings.,drinks,milkshake,76,56,INR,https://images.unsplash.com/photo-1572490122747-3968b75cc699?q=80&w=600&auto=format&fit=crop,https://images.unsplash.com/photo-1579954115545-a95591f28bfc?q=80&w=600&auto=format&fit=crop,https://images.unsplash.com/photo-1504674900247-0877df9cc836?q=80&w=600&auto=format&fit=crop,true,true,true,true,true,4,1460,7,66,630,popular,cheesy,Cheese,Sauce,Vegetables,2026-05-12T14:37:28.485509,2026-05-12T14:37:28.485513,,
6a033bda4b50de809d0702c4,Oreo Shake 15,oreo-shake-15,Customer favorite with premium ingredients.,drinks,milkshake,111,91,INR,https://images.unsplash.com/photo-1572490122747-3968b75cc699?q=80&w=600&auto=format&fit=crop,https://images.unsplash.com/photo-1579954115545-a95591f28bfc?q=80&w=600&auto=format&fit=crop,https://images.unsplash.com/photo-1504674900247-0877df9cc836?q=80&w=600&auto=format&fit=crop,true,true,true,true,true,4.4,609,29,51,174,crispy,cheesy,Cheese,Sauce,Vegetables,2026-05-12T14:37:28.485558,2026-05-12T14:37:28.485560,Milk,Gluten
6a033bda4b50de809d0702c5,Virgin Mojito 16,virgin-mojito-16,Rich flavor and satisfying taste.,drinks,mojito,84,54,INR,https://images.unsplash.com/photo-1513558161293-cdaf765ed2fd?q=80&w=600&auto=format&fit=crop,https://images.unsplash.com/photo-1546171753-97d7676e4602?q=80&w=600&auto=format&fit=crop,https://images.unsplash.com/photo-1514362545857-3bc16c4c7d1b?q=80&w=600&auto=format&fit=crop,true,true,false,true,false,4,506,25,27,404,crispy,spicy,Cheese,Sauce,Vegetables,2026-05-12T14:37:28.485591,2026-05-12T14:37:28.485594,,
6a033bda4b50de809d0702c6,Lemon Iced Tea 17,lemon-iced-tea-17,Customer favorite with premium ingredients.,drinks,iced tea,96,76,INR,https://images.unsplash.com/photo-1499638673689-79a0b5115d87?q=80&w=600&auto=format&fit=crop,https://images.unsplash.com/photo-1556881286-fc6915169721?q=80&w=600&auto=format&fit=crop,https://images.unsplash.com/photo-1513558161293-cdaf765ed2fd?q=80&w=600&auto=format&fit=crop,true,true,true,false,true,4.8,708,21,62,860,popular,fresh,Cheese,Sauce,Vegetables,2026-05-12T14:37:28.485632,2026-05-12T14:37:28.485634,Milk,Gluten
6a033bda4b50de809d0702c7,Strawberry Smoothie 18,strawberry-smoothie-18,Freshly prepared and delicious.,drinks,smoothie,146,116,INR,https://images.unsplash.com/photo-1553530666-ba11a7da3888?q=80&w=600&auto=format&fit=crop,https://images.unsplash.com/photo-1490645935967-10de6ba17061?q=80&w=600&auto=format&fit=crop,https://images.unsplash.com/photo-1504674900247-0877df9cc836?q=80&w=600&auto=format&fit=crop,true,true,false,true,false,4.3,1325,17,73,664,fresh,crispy,Cheese,Sauce,Vegetables,2026-05-12T14:37:28.485658,2026-05-12T14:37:28.485660,Milk,Gluten
6a033bda4b50de809d0702c8,Mango Shake 19,mango-shake-19,Served hot and tasty.,drinks,milkshake,79,79,INR,https://images.unsplash.com/photo-1572490122747-3968b75cc699?q=80&w=600&auto=format&fit=crop,https://images.unsplash.com/photo-1579954115545-a95591f28bfc?q=80&w=600&auto=format&fit=crop,https://images.unsplash.com/photo-1504674900247-0877df9cc836?q=80&w=600&auto=format&fit=crop,true,true,false,false,true,4.3,950,10,17,820,popular,cheesy,Cheese,Sauce,Vegetables,2026-05-12T14:37:28.485683,2026-05-12T14:37:28.485685,Milk,Gluten
6a033bda4b50de809d0702c9,Green Tea 20,green-tea-20,Perfect for your cravings.,drinks,tea,140,110,INR,https://images.unsplash.com/photo-1564890369478-c89ca6d9cde9?q=80&w=600&auto=format&fit=crop,https://images.unsplash.com/photo-1597481499750-3e6b22637e12?q=80&w=600&auto=format&fit=crop,https://images.unsplash.com/photo-1576092768241-dec231879fc3?q=80&w=600&auto=format&fit=crop,true,true,true,true,false,4.2,1020,6,83,339,crispy,fresh,Cheese,Sauce,Vegetables,2026-05-12T14:37:28.485709,2026-05-12T14:37:28.485711,,
6a033bda4b50de809d0702ca,Veg Biryani 21,veg-biryani-21,Customer favorite with premium ingredients.,meals,biryani,286,266,INR,https://images.unsplash.com/photo-1633945274405-b6c8069047b0?q=80&w=600&auto=format&fit=crop,https://images.unsplash.com/photo-1490645935967-10de6ba17061?q=80&w=600&auto=format&fit=crop,https://images.unsplash.com/photo-1626777552726-4a6b54c97e46?q=80&w=600&auto=format&fit=crop,true,true,false,false,false,3.9,318,25,72,335,popular,spicy,Cheese,Sauce,Vegetables,2026-05-12T14:37:28.485735,2026-05-12T14:37:28.485737,,
6a033bda4b50de809d0702cb,Chicken Biryani 22,chicken-biryani-22,Served hot and tasty.,meals,biryani,257,247,INR,https://images.unsplash.com/photo-1633945274405-b6c8069047b0?q=80&w=600&auto=format&fit=crop,https://images.unsplash.com/photo-1490645935967-10de6ba17061?q=80&w=600&auto=format&fit=crop,https://images.unsplash.com/photo-1626777552726-4a6b54c97e46?q=80&w=600&auto=format&fit=crop,true,false,true,true,false,4,885,24,46,415,cheesy,fresh,Cheese,Sauce,Vegetables,2026-05-12T14:37:28.485762,2026-05-12T14:37:28.485764,,
6a033bda4b50de809d0702cc,Margherita Pizza 23,margherita-pizza-23,Rich flavor and satisfying taste.,meals,pizza,206,176,INR,https://images.unsplash.com/photo-1513104890138-7c749659a591?q=80&w=600&auto=format&fit=crop,https://images.unsplash.com/photo-1593560708920-61dd98c46a4e?q=80&w=600&auto=format&fit=crop,https://images.unsplash.com/photo-1585238342024-78d387f4a707?q=80&w=600&auto=format&fit=crop,true,true,false,false,false,3.8,1097,8,85,632,popular,cheesy,Cheese,Sauce,Vegetables,2026-05-12T14:37:28.485788,2026-05-12T14:37:28.485790,Milk,Gluten
6a033bda4b50de809d0702cd,Pepperoni Pizza 24,pepperoni-pizza-24,Freshly prepared and delicious.,meals,pizza,320,310,INR,https://images.unsplash.com/photo-1513104890138-7c749659a591?q=80&w=600&auto=format&fit=crop,https://images.unsplash.com/photo-1593560708920-61dd98c46a4e?q=80&w=600&auto=format&fit=crop,https://images.unsplash.com/photo-1585238342024-78d387f4a707?q=80&w=600&auto=format&fit=crop,true,false,false,true,true,4.7,248,21,53,350,spicy,fresh,Cheese,Sauce,Vegetables,2026-05-12T14:37:28.485822,2026-05-12T14:37:28.485825,Milk,Gluten
6a033bda4b50de809d0702ce,White Sauce Pasta 25,white-sauce-pasta-25,Served hot and tasty.,meals,pasta,360,330,INR,https://images.unsplash.com/photo-1612874742237-6526221588e3?q=80&w=600&auto=format&fit=crop,https://images.unsplash.com/photo-1551183053-bf91a1d81141?q=80&w=600&auto=format&fit=crop,https://images.unsplash.com/photo-1612874742237-6526221588e3?q=80&w=600&auto=format&fit=crop,true,true,true,true,false,4.2,517,30,74,609,crispy,fresh,Cheese,Sauce,Vegetables,2026-05-12T14:37:28.485858,2026-05-12T14:37:28.485860,,
6a033bda4b50de809d0702cf,Chicken Alfredo Pasta 26,chicken-alfredo-pasta-26,Customer favorite with premium ingredients.,meals,pasta,324,324,INR,https://images.unsplash.com/photo-1612874742237-6526221588e3?q=80&w=600&auto=format&fit=crop,https://images.unsplash.com/photo-1551183053-bf91a1d81141?q=80&w=600&auto=format&fit=crop,https://images.unsplash.com/photo-1612874742237-6526221588e3?q=80&w=600&auto=format&fit=crop,true,false,true,false,true,4,517,19,72,407,fresh,crispy,Cheese,Sauce,Vegetables,2026-05-12T14:37:28.485901,2026-05-12T14:37:28.485905,Milk,Gluten
6a033bda4b50de809d0702d0,Paneer Butter Masala 27,paneer-butter-masala-27,Perfect for your cravings.,meals,indian curry,268,248,INR,https://images.unsplash.com/photo-1631452180519-c014fe946bc7?q=80&w=600&auto=format&fit=crop,https://images.unsplash.com/photo-1565557623262-b51c2513a641?q=80&w=600&auto=format&fit=crop,https://images.unsplash.com/photo-1603894584373-5ac82b2ae398?q=80&w=600&auto=format&fit=crop,true,true,false,false,true,4.7,1340,10,64,737,best seller,spicy,Cheese,Sauce,Vegetables,2026-05-12T14:37:28.485938,2026-05-12T14:37:28.485940,,
6a033bda4b50de809d0702d1,Butter Chicken 28,butter-chicken-28,Freshly prepared and delicious.,meals,indian curry,248,228,INR,https://images.unsplash.com/photo-1603894584373-5ac82b2ae398?q=80&w=600&auto=format&fit=crop,https://images.unsplash.com/photo-1565557623262-b51c2513a641?q=80&w=600&auto=format&fit=crop,https://images.unsplash.com/photo-1631452180519-c014fe946bc7?q=80&w=600&auto=format&fit=crop,true,false,true,false,false,4.1,181,16,25,326,best seller,crispy,Cheese,Sauce,Vegetables,2026-05-12T14:37:28.485977,2026-05-12T14:37:28.485979,,
6a033bda4b50de809d0702d2,Veg Fried Rice 29,veg-fried-rice-29,Rich flavor and satisfying taste.,meals,fried rice,199,199,INR,https://images.unsplash.com/photo-1603133872878-684f208fb84b?q=80&w=600&auto=format&fit=crop,https://images.unsplash.com/photo-1626132647523-66f5bf380027?q=80&w=600&auto=format&fit=crop,https://images.unsplash.com/photo-1534422298391-e4f8c172dddb?q=80&w=600&auto=format&fit=crop,true,true,false,true,false,4,1451,26,83,806,popular,crispy,Cheese,Sauce,Vegetables,2026-05-12T14:37:28.486003,2026-05-12T14:37:28.486005,,
6a033bda4b50de809d0702d3,Chicken Fried Rice 30,chicken-fried-rice-30,Served hot and tasty.,meals,fried rice,214,214,INR,https://images.unsplash.com/photo-1603133872878-684f208fb84b?q=80&w=600&auto=format&fit=crop,https://images.unsplash.com/photo-1626132647523-66f5bf380027?q=80&w=600&auto=format&fit=crop,https://images.unsplash.com/photo-1534422298391-e4f8c172dddb?q=80&w=600&auto=format&fit=crop,true,false,true,false,false,4.1,1175,26,16,197,spicy,fresh,Cheese,Sauce,Vegetables,2026-05-12T14:37:28.486043,2026-05-12T14:37:28.486062,,
6a033bda4b50de809d0702d4,Chocolate Cake 31,chocolate-cake-31,Rich flavor and satisfying taste.,desserts,cake,159,139,INR,https://images.unsplash.com/photo-1578985545062-69928b1d9587?q=80&w=600&auto=format&fit=crop,https://images.unsplash.com/photo-1606890737304-57a1ca8a5b62?q=80&w=600&auto=format&fit=crop,https://images.unsplash.com/photo-1588195538326-c5b1e9f80a1b?q=80&w=600&auto=format&fit=crop,true,true,true,true,true,4,716,17,36,313,popular,fresh,Cheese,Sauce,Vegetables,2026-05-12T14:37:28.486088,2026-05-12T14:37:28.486090,Milk,Gluten
6a033bda4b50de809d0702d5,Red Velvet Cake 32,red-velvet-cake-32,Served hot and tasty.,desserts,cake,126,96,INR,https://images.unsplash.com/photo-1578985545062-69928b1d9587?q=80&w=600&auto=format&fit=crop,https://images.unsplash.com/photo-1606890737304-57a1ca8a5b62?q=80&w=600&auto=format&fit=crop,https://images.unsplash.com/photo-1588195538326-c5b1e9f80a1b?q=80&w=600&auto=format&fit=crop,true,true,true,false,false,4,469,7,26,865,cheesy,best seller,Cheese,Sauce,Vegetables,2026-05-12T14:37:28.486114,2026-05-12T14:37:28.486116,,
6a033bda4b50de809d0702d6,Brownie Sundae 33,brownie-sundae-33,Brownie Sundae 33,desserts,brownie,178,138,INR,https://images.unsplash.com/photo-1606313564200-e75d5e30476c?q=80&w=600&auto=format&fit=crop,https://images.unsplash.com/photo-1564355808539-22fda35bed7e?q=80&w=600&auto=format&fit=crop,https://images.unsplash.com/photo-1504674900247-0877df9cc836?q=80&w=600&auto=format&fit=crop,true,true,true,true,false,4.3,110,14,69,781,fresh,spicy,Cheese,Sauce,Vegetables,2026-05-12T14:37:28.486139,2026-05-13T08:26:14.108Z,,
6a033bda4b50de809d0702d7,Vanilla Ice Cream 34,vanilla-ice-cream-34,Perfect for your cravings.,desserts,ice cream,108,108,INR,https://images.unsplash.com/photo-1560008511-11c63416e52d?q=80&w=600&auto=format&fit=crop,https://images.unsplash.com/photo-1501443762994-82bd5dace89a?q=80&w=600&auto=format&fit=crop,https://images.unsplash.com/photo-1497034825429-c343d7c6a68f?q=80&w=600&auto=format&fit=crop,true,true,true,false,true,4.3,448,27,27,283,spicy,fresh,Cheese,Sauce,Vegetables,2026-05-12T14:37:28.486165,2026-05-12T14:37:28.486167,,
6a033bda4b50de809d0702d8,Chocolate Ice Cream 35,chocolate-ice-cream-35,Freshly prepared and delicious.,desserts,ice cream,199,199,INR,https://images.unsplash.com/photo-1560008511-11c63416e52d?q=80&w=600&auto=format&fit=crop,https://images.unsplash.com/photo-1501443762994-82bd5dace89a?q=80&w=600&auto=format&fit=crop,https://images.unsplash.com/photo-1497034825429-c343d7c6a68f?q=80&w=600&auto=format&fit=crop,true,true,true,false,false,4.1,1275,21,39,406,spicy,cheesy,Cheese,Sauce,Vegetables,2026-05-12T14:37:28.486189,2026-05-12T14:37:28.486191,Milk,Gluten
6a033bda4b50de809d0702d9,Blueberry Cheesecake 32,blueberry-cheesecake-36,Blueberry Cheesecake 32,desserts,cheesecake,140,120,INR,https://images.unsplash.com/photo-1533134242443-d4fd215305ad?q=80&w=600&auto=format&fit=crop,https://images.unsplash.com/photo-1533134242443-d4fd215305ad?q=80&w=600&auto=format&fit=crop,https://images.unsplash.com/photo-1533134242443-d4fd215305ad?q=80&w=600&auto=format&fit=crop,false,true,true,true,false,4,149,29,88,699,best seller,spicy,Cheese,Sauce,Vegetables,2026-05-12T14:37:28.486219,2026-05-13T08:29:37.752Z,,
6a033bda4b50de809d0702da,Chocolate Donut 37,chocolate-donut-37,Rich flavor and satisfying taste.,desserts,donut,185,165,INR,https://images.unsplash.com/photo-1551024601-bec78aea704b?q=80&w=600&auto=format&fit=crop,https://images.unsplash.com/photo-1533089860892-a7c6f0a88666?q=80&w=600&auto=format&fit=crop,https://images.unsplash.com/photo-1612240498936-65f5101365d2?q=80&w=600&auto=format&fit=crop,true,true,true,true,false,4,857,23,94,664,spicy,fresh,Cheese,Sauce,Vegetables,2026-05-12T14:37:28.486263,2026-05-12T14:37:28.486265,Milk,Gluten
6a033bda4b50de809d0702db,Waffles with Syrup 38,waffles-with-syrup-38,Freshly prepared and delicious.,desserts,waffles,105,85,INR,https://images.unsplash.com/photo-1504754524776-8f4f37790ca0?q=80&w=600&auto=format&fit=crop,https://images.unsplash.com/photo-1482049016688-2d3e1b311543?q=80&w=600&auto=format&fit=crop,https://images.unsplash.com/photo-1526424382096-74a93e105682?q=80&w=600&auto=format&fit=crop,true,true,true,false,false,4.1,1163,20,40,180,fresh,best seller,Cheese,Sauce,Vegetables,2026-05-12T14:37:28.486288,2026-05-12T14:37:28.486293,,
6a033bda4b50de809d0702dc,Fruit Custard 39,fruit-custard-39,Served hot and tasty.,desserts,custard,147,117,INR,https://images.unsplash.com/photo-1551024506-0bccd828d307?q=80&w=600&auto=format&fit=crop,https://images.unsplash.com/photo-1488477181946-6428a0291777?q=80&w=600&auto=format&fit=crop,https://images.unsplash.com/photo-1563729784474-d77dbb933a9e?q=80&w=600&auto=format&fit=crop,true,true,false,false,true,4.7,1412,23,92,379,spicy,best seller,Cheese,Sauce,Vegetables,2026-05-12T14:37:28.486326,2026-05-12T14:37:28.486328,Milk,Gluten
6a033bda4b50de809d0702dd,Muffin 40,muffin-40,Rich flavor and satisfying taste.,desserts,muffin,133,113,INR,https://images.unsplash.com/photo-1550617931-e17a7b70dce2?q=80&w=600&auto=format&fit=crop,https://images.unsplash.com/photo-1490645935967-10de6ba17061?q=80&w=600&auto=format&fit=crop,https://images.unsplash.com/photo-1607958996333-41aef7caefaa?q=80&w=600&auto=format&fit=crop,true,true,false,true,false,3.9,92,7,80,584,cheesy,popular,Cheese,Sauce,Vegetables,2026-05-12T14:37:28.486350,2026-05-12T14:37:28.486352,,
6a033bda4b50de809d0702de,Classic Veg Burger 41,classic-veg-burger-41,Freshly prepared and delicious.,snacks,burger,140,120,INR,https://images.unsplash.com/photo-1568901346375-23c9450c58cd?q=80&w=600&auto=format&fit=crop,https://images.unsplash.com/photo-1550547660-d9450f859349?q=80&w=600&auto=format&fit=crop,https://images.unsplash.com/photo-1571091718767-18b5b1457add?q=80&w=600&auto=format&fit=crop,true,true,false,false,false,4,853,12,35,157,best seller,crispy,Cheese,Sauce,Vegetables,2026-05-12T14:37:28.486375,2026-05-12T14:37:28.486376,,
6a033bda4b50de809d0702df,Chicken Burger 42,chicken-burger-42,Served hot and tasty.,snacks,burger,124,124,INR,https://images.unsplash.com/photo-1568901346375-23c9450c58cd?q=80&w=600&auto=format&fit=crop,https://images.unsplash.com/photo-1550547660-d9450f859349?q=80&w=600&auto=format&fit=crop,https://images.unsplash.com/photo-1571091718767-18b5b1457add?q=80&w=600&auto=format&fit=crop,true,false,false,true,true,4,854,20,16,344,best seller,fresh,Cheese,Sauce,Vegetables,2026-05-12T14:37:28.486398,2026-05-12T14:37:28.486400,,
6a033bda4b50de809d0702e0,Paneer Wrap 43,paneer-wrap-43,Freshly prepared and delicious.,snacks,wrap,137,107,INR,https://images.unsplash.com/photo-1562059390-a761a084768e?q=80&w=600&auto=format&fit=crop,https://images.unsplash.com/photo-1509722747041-616f39b57569?q=80&w=600&auto=format&fit=crop,https://images.unsplash.com/photo-1498837167922-ddd27525d352?q=80&w=600&auto=format&fit=crop,true,true,false,true,false,3.9,979,22,35,562,spicy,crispy,Cheese,Sauce,Vegetables,2026-05-12T14:37:28.486421,2026-05-12T14:37:28.486423,Milk,Gluten
6a033bda4b50de809d0702e1,Chicken Wrap 44,chicken-wrap-44,Served hot and tasty.,snacks,wrap,95,95,INR,https://images.unsplash.com/photo-1562059390-a761a084768e?q=80&w=600&auto=format&fit=crop,https://images.unsplash.com/photo-1509722747041-616f39b57569?q=80&w=600&auto=format&fit=crop,https://images.unsplash.com/photo-1498837167922-ddd27525d352?q=80&w=600&auto=format&fit=crop,true,false,true,true,false,5,364,14,86,603,cheesy,best seller,Cheese,Sauce,Vegetables,2026-05-12T14:37:28.486531,2026-05-12T14:37:28.486534,,
6a033bda4b50de809d0702e2,French Fries 45,french-fries-45,Customer favorite with premium ingredients.,snacks,fries,171,171,INR,https://images.unsplash.com/photo-1573080496219-bb080dd4f877?q=80&w=600&auto=format&fit=crop,https://images.unsplash.com/photo-1576107232684-1279f390859f?q=80&w=600&auto=format&fit=crop,https://images.unsplash.com/photo-1585109649139-366815a0d713?q=80&w=600&auto=format&fit=crop,true,true,false,true,false,4.7,293,16,93,832,spicy,fresh,Cheese,Sauce,Vegetables,2026-05-12T14:37:28.486561,2026-05-12T14:37:28.486563,Milk,Gluten
6a033bda4b50de809d0702e3,Peri Peri Fries 46,peri-peri-fries-46,Customer favorite with premium ingredients.,snacks,fries,130,100,INR,https://images.unsplash.com/photo-1573080496219-bb080dd4f877?q=80&w=600&auto=format&fit=crop,https://images.unsplash.com/photo-1576107232684-1279f390859f?q=80&w=600&auto=format&fit=crop,https://images.unsplash.com/photo-1585109649139-366815a0d713?q=80&w=600&auto=format&fit=crop,true,true,false,false,true,3.9,25,8,36,275,popular,spicy,Cheese,Sauce,Vegetables,2026-05-12T14:37:28.486587,2026-05-12T14:37:28.486589,,
6a033bda4b50de809d0702e4,Veg Sandwich 47,veg-sandwich-47,Freshly prepared and delicious.,snacks,sandwich,126,126,INR,https://images.unsplash.com/photo-1528735602780-2552fd46c7af?q=80&w=600&auto=format&fit=crop,https://images.unsplash.com/photo-1553909489-cd47e0907980?q=80&w=600&auto=format&fit=crop,https://images.unsplash.com/photo-1504674900247-0877df9cc836?q=80&w=600&auto=format&fit=crop,true,true,true,false,false,4.3,112,29,79,425,popular,best seller,Cheese,Sauce,Vegetables,2026-05-12T14:37:28.486611,2026-05-12T14:37:28.486613,Milk,Gluten
6a033bda4b50de809d0702e5,Club Sandwich 48,club-sandwich-48,Perfect for your cravings.,snacks,sandwich,155,135,INR,https://images.unsplash.com/photo-1528735602780-2552fd46c7af?q=80&w=600&auto=format&fit=crop,https://images.unsplash.com/photo-1553909489-cd47e0907980?q=80&w=600&auto=format&fit=crop,https://images.unsplash.com/photo-1504674900247-0877df9cc836?q=80&w=600&auto=format&fit=crop,true,false,false,true,true,4.1,702,8,86,829,best seller,crispy,Cheese,Sauce,Vegetables,2026-05-12T14:37:28.486648,2026-05-12T14:37:28.486650,Milk,Gluten
6a033bda4b50de809d0702e6,Cheese Garlic Bread 49,cheese-garlic-bread-49,Rich flavor and satisfying taste.,snacks,bread,86,86,INR,https://images.unsplash.com/photo-1573140247632-f8fd74997d5c?q=80&w=600&auto=format&fit=crop,https://images.unsplash.com/photo-1544982503-9f984c14501a?q=80&w=600&auto=format&fit=crop,https://images.unsplash.com/photo-1619535860434-ba1d8fa12536?q=80&w=600&auto=format&fit=crop,true,true,true,false,false,4.2,197,17,37,446,popular,cheesy,Cheese,Sauce,Vegetables,2026-05-12T14:37:28.486679,2026-05-12T14:37:28.486681,Milk,Gluten
6a033bda4b50de809d0702e7,Chicken Nuggets 50,chicken-nuggets-50,Rich flavor and satisfying taste.,snacks,fried chicken,141,111,INR,https://images.unsplash.com/photo-1562967914-608f82629710?q=80&w=600&auto=format&fit=crop,https://images.unsplash.com/photo-1569058242253-92a9c755a0ec?q=80&w=600&auto=format&fit=crop,https://images.unsplash.com/photo-1626082927389-6cd097cdc6ec?q=80&w=600&auto=format&fit=crop,true,false,false,false,true,4.1,535,12,93,432,spicy,cheesy,Cheese,Sauce,Vegetables,2026-05-12T14:37:28.486705,2026-05-12T14:37:28.486707,Milk,Gluten
6a033bda4b50de809d0702e8,Cold Coffee 51,cold-coffee-51,Perfect for your cravings.,drinks,coffee,81,51,INR,https://images.unsplash.com/photo-1517701604599-bb29b565090c?q=80&w=600&auto=format&fit=crop,https://images.unsplash.com/photo-1490645935967-10de6ba17061?q=80&w=600&auto=format&fit=crop,https://images.unsplash.com/photo-1497515114629-f71d768fd07c?q=80&w=600&auto=format&fit=crop,true,true,false,false,false,4,923,16,44,158,popular,fresh,Cheese,Sauce,Vegetables,2026-05-12T14:37:28.486730,2026-05-12T14:37:28.486732,Milk,Gluten
6a033bda4b50de809d0702e9,Cappuccino 52,cappuccino-52,Perfect for your cravings.,drinks,coffee,68,58,INR,https://images.unsplash.com/photo-1534778101976-62847782c213?q=80&w=600&auto=format&fit=crop,https://images.unsplash.com/photo-1490645935967-10de6ba17061?q=80&w=600&auto=format&fit=crop,https://images.unsplash.com/photo-1509042239860-f550ce710b93?q=80&w=600&auto=format&fit=crop,true,true,false,false,false,3.9,1156,29,41,411,crispy,popular,Cheese,Sauce,Vegetables,2026-05-12T14:37:28.486758,2026-05-12T14:37:28.486760,,
6a033bda4b50de809d0702ea,Cafe Latte 53,cafe-latte-53,Rich flavor and satisfying taste.,drinks,coffee,106,106,INR,https://images.unsplash.com/photo-1541167760496-1628856ab772?q=80&w=600&auto=format&fit=crop,https://images.unsplash.com/photo-1509042239860-f550ce710b93?q=80&w=600&auto=format&fit=crop,https://images.unsplash.com/photo-1517701604599-bb29b565090c?q=80&w=600&auto=format&fit=crop,true,true,true,true,true,5,21,14,87,469,spicy,best seller,Cheese,Sauce,Vegetables,2026-05-12T14:37:28.486781,2026-05-12T14:37:28.486783,,
6a033bda4b50de809d0702eb,Chocolate Milkshake 54,chocolate-milkshake-54,Perfect for your cravings.,drinks,milkshake,67,67,INR,https://images.unsplash.com/photo-1572490122747-3968b75cc699?q=80&w=600&auto=format&fit=crop,https://images.unsplash.com/photo-1579954115545-a95591f28bfc?q=80&w=600&auto=format&fit=crop,https://images.unsplash.com/photo-1504674900247-0877df9cc836?q=80&w=600&auto=format&fit=crop,true,true,false,true,false,3.9,576,28,55,420,cheesy,popular,Cheese,Sauce,Vegetables,2026-05-12T14:37:28.486810,2026-05-12T14:37:28.486812,,
6a033bda4b50de809d0702ec,Oreo Shake 55,oreo-shake-55,Customer favorite with premium ingredients.,drinks,milkshake,127,127,INR,https://images.unsplash.com/photo-1572490122747-3968b75cc699?q=80&w=600&auto=format&fit=crop,https://images.unsplash.com/photo-1579954115545-a95591f28bfc?q=80&w=600&auto=format&fit=crop,https://images.unsplash.com/photo-1504674900247-0877df9cc836?q=80&w=600&auto=format&fit=crop,true,true,true,false,false,4.6,1067,26,77,858,cheesy,spicy,Cheese,Sauce,Vegetables,2026-05-12T14:37:28.486833,2026-05-12T14:37:28.486835,Milk,Gluten
6a033bda4b50de809d0702ed,Virgin Mojito 56,virgin-mojito-56,Customer favorite with premium ingredients.,drinks,mojito,93,63,INR,https://images.unsplash.com/photo-1513558161293-cdaf765ed2fd?q=80&w=600&auto=format&fit=crop,https://images.unsplash.com/photo-1546171753-97d7676e4602?q=80&w=600&auto=format&fit=crop,https://images.unsplash.com/photo-1514362545857-3bc16c4c7d1b?q=80&w=600&auto=format&fit=crop,true,true,false,true,false,4.9,1113,30,67,298,crispy,spicy,Cheese,Sauce,Vegetables,2026-05-12T14:37:28.486856,2026-05-12T14:37:28.486857,,
6a033bda4b50de809d0702ee,Lemon Iced Tea 57,lemon-iced-tea-57,Freshly prepared and delicious.,drinks,iced tea,140,120,INR,https://images.unsplash.com/photo-1499638673689-79a0b5115d87?q=80&w=600&auto=format&fit=crop,https://images.unsplash.com/photo-1556881286-fc6915169721?q=80&w=600&auto=format&fit=crop,https://images.unsplash.com/photo-1513558161293-cdaf765ed2fd?q=80&w=600&auto=format&fit=crop,true,true,true,true,false,4.8,117,23,74,858,popular,best seller,Cheese,Sauce,Vegetables,2026-05-12T14:37:28.486879,2026-05-12T14:37:28.486881,,
6a033bda4b50de809d0702ef,Strawberry Smoothie 58,strawberry-smoothie-58,Perfect for your cravings.,drinks,smoothie,112,92,INR,https://images.unsplash.com/photo-1553530666-ba11a7da3888?q=80&w=600&auto=format&fit=crop,https://images.unsplash.com/photo-1490645935967-10de6ba17061?q=80&w=600&auto=format&fit=crop,https://images.unsplash.com/photo-1504674900247-0877df9cc836?q=80&w=600&auto=format&fit=crop,true,true,false,true,true,4,619,17,77,655,best seller,crispy,Cheese,Sauce,Vegetables,2026-05-12T14:37:28.486918,2026-05-12T14:37:28.486921,,
6a033bda4b50de809d0702f0,Mango Shake 59,mango-shake-59,Perfect for your cravings.,drinks,milkshake,79,79,INR,https://images.unsplash.com/photo-1572490122747-3968b75cc699?q=80&w=600&auto=format&fit=crop,https://images.unsplash.com/photo-1579954115545-a95591f28bfc?q=80&w=600&auto=format&fit=crop,https://images.unsplash.com/photo-1504674900247-0877df9cc836?q=80&w=600&auto=format&fit=crop,true,true,true,false,true,4.4,1163,24,13,740,popular,fresh,Cheese,Sauce,Vegetables,2026-05-12T14:37:28.486950,2026-05-12T14:37:28.486952,Milk,Gluten
6a033bda4b50de809d0702f1,Green Tea 60,green-tea-60,Rich flavor and satisfying taste.,drinks,tea,105,75,INR,https://images.unsplash.com/photo-1564890369478-c89ca6d9cde9?q=80&w=600&auto=format&fit=crop,https://images.unsplash.com/photo-1597481499750-3e6b22637e12?q=80&w=600&auto=format&fit=crop,https://images.unsplash.com/photo-1576092768241-dec231879fc3?q=80&w=600&auto=format&fit=crop,true,true,true,false,true,4.4,46,28,25,372,cheesy,fresh,Cheese,Sauce,Vegetables,2026-05-12T14:37:28.487008,2026-05-12T14:37:28.487010,Milk,Gluten
6a033bda4b50de809d0702f2,Veg Biryani 61,veg-biryani-61,Perfect for your cravings.,meals,biryani,282,272,INR,https://images.unsplash.com/photo-1633945274405-b6c8069047b0?q=80&w=600&auto=format&fit=crop,https://images.unsplash.com/photo-1490645935967-10de6ba17061?q=80&w=600&auto=format&fit=crop,https://images.unsplash.com/photo-1626777552726-4a6b54c97e46?q=80&w=600&auto=format&fit=crop,true,true,true,false,true,4.8,365,15,19,212,popular,best seller,Cheese,Sauce,Vegetables,2026-05-12T14:37:28.487046,2026-05-12T14:37:28.487049,,
6a033bda4b50de809d0702f3,Chicken Biryani 62,chicken-biryani-62,Freshly prepared and delicious.,meals,biryani,198,198,INR,https://images.unsplash.com/photo-1633945274405-b6c8069047b0?q=80&w=600&auto=format&fit=crop,https://images.unsplash.com/photo-1490645935967-10de6ba17061?q=80&w=600&auto=format&fit=crop,https://images.unsplash.com/photo-1626777552726-4a6b54c97e46?q=80&w=600&auto=format&fit=crop,true,false,true,false,false,4.8,536,12,74,789,fresh,popular,Cheese,Sauce,Vegetables,2026-05-12T14:37:28.487073,2026-05-12T14:37:28.487075,Milk,Gluten
6a033bda4b50de809d0702f4,Margherita Pizza 63,margherita-pizza-63,Customer favorite with premium ingredients.,meals,pizza,192,192,INR,https://images.unsplash.com/photo-1513104890138-7c749659a591?q=80&w=600&auto=format&fit=crop,https://images.unsplash.com/photo-1593560708920-61dd98c46a4e?q=80&w=600&auto=format&fit=crop,https://images.unsplash.com/photo-1585238342024-78d387f4a707?q=80&w=600&auto=format&fit=crop,true,true,false,true,true,5,400,14,21,756,crispy,fresh,Cheese,Sauce,Vegetables,2026-05-12T14:37:28.487105,2026-05-12T14:37:28.487109,,
6a033bda4b50de809d0702f5,Pepperoni Pizza 64,pepperoni-pizza-64,Rich flavor and satisfying taste.,meals,pizza,257,237,INR,https://images.unsplash.com/photo-1513104890138-7c749659a591?q=80&w=600&auto=format&fit=crop,https://images.unsplash.com/photo-1593560708920-61dd98c46a4e?q=80&w=600&auto=format&fit=crop,https://images.unsplash.com/photo-1585238342024-78d387f4a707?q=80&w=600&auto=format&fit=crop,true,false,true,false,false,4.1,646,18,83,174,best seller,cheesy,Cheese,Sauce,Vegetables,2026-05-12T14:37:28.487146,2026-05-12T14:37:28.487148,Milk,Gluten
6a033bda4b50de809d0702f6,White Sauce Pasta 65,white-sauce-pasta-65,Freshly prepared and delicious.,meals,pasta,373,363,INR,https://images.unsplash.com/photo-1612874742237-6526221588e3?q=80&w=600&auto=format&fit=crop,https://images.unsplash.com/photo-1551183053-bf91a1d81141?q=80&w=600&auto=format&fit=crop,https://images.unsplash.com/photo-1612874742237-6526221588e3?q=80&w=600&auto=format&fit=crop,true,true,false,false,true,4.4,462,7,89,214,spicy,crispy,Cheese,Sauce,Vegetables,2026-05-12T14:37:28.487181,2026-05-12T14:37:28.487183,,
6a033bda4b50de809d0702f7,Chicken Alfredo Pasta 66,chicken-alfredo-pasta-66,Served hot and tasty.,meals,pasta,208,198,INR,https://images.unsplash.com/photo-1612874742237-6526221588e3?q=80&w=600&auto=format&fit=crop,https://images.unsplash.com/photo-1551183053-bf91a1d81141?q=80&w=600&auto=format&fit=crop,https://images.unsplash.com/photo-1612874742237-6526221588e3?q=80&w=600&auto=format&fit=crop,true,false,true,false,false,4.7,944,21,21,258,popular,crispy,Cheese,Sauce,Vegetables,2026-05-12T14:37:28.487206,2026-05-12T14:37:28.487208,,
6a033bda4b50de809d0702f8,Paneer Butter Masala 67,paneer-butter-masala-67,Freshly prepared and delicious.,meals,indian curry,389,379,INR,https://images.unsplash.com/photo-1631452180519-c014fe946bc7?q=80&w=600&auto=format&fit=crop,https://images.unsplash.com/photo-1565557623262-b51c2513a641?q=80&w=600&auto=format&fit=crop,https://images.unsplash.com/photo-1603894584373-5ac82b2ae398?q=80&w=600&auto=format&fit=crop,true,true,false,true,false,4,198,29,36,488,popular,spicy,Cheese,Sauce,Vegetables,2026-05-12T14:37:28.487231,2026-05-12T14:37:28.487233,Milk,Gluten
6a033bda4b50de809d0702f9,Butter Chicken 68,butter-chicken-68,Served hot and tasty.,meals,indian curry,244,214,INR,https://images.unsplash.com/photo-1603894584373-5ac82b2ae398?q=80&w=600&auto=format&fit=crop,https://images.unsplash.com/photo-1565557623262-b51c2513a641?q=80&w=600&auto=format&fit=crop,https://images.unsplash.com/photo-1631452180519-c014fe946bc7?q=80&w=600&auto=format&fit=crop,true,false,true,false,false,4.2,899,12,39,316,popular,cheesy,Cheese,Sauce,Vegetables,2026-05-12T14:37:28.487256,2026-05-12T14:37:28.487258,Milk,Gluten
6a033bda4b50de809d0702fa,Veg Fried Rice 69,veg-fried-rice-69,Perfect for your cravings.,meals,fried rice,226,196,INR,https://images.unsplash.com/photo-1603133872878-684f208fb84b?q=80&w=600&auto=format&fit=crop,https://images.unsplash.com/photo-1626132647523-66f5bf380027?q=80&w=600&auto=format&fit=crop,https://images.unsplash.com/photo-1534422298391-e4f8c172dddb?q=80&w=600&auto=format&fit=crop,true,true,true,false,false,4,380,24,52,494,crispy,spicy,Cheese,Sauce,Vegetables,2026-05-12T14:37:28.487280,2026-05-12T14:37:28.487281,,
6a033bda4b50de809d0702fb,Chicken Fried Rice 70,chicken-fried-rice-70,Served hot and tasty.,meals,fried rice,352,352,INR,https://images.unsplash.com/photo-1603133872878-684f208fb84b?q=80&w=600&auto=format&fit=crop,https://images.unsplash.com/photo-1626132647523-66f5bf380027?q=80&w=600&auto=format&fit=crop,https://images.unsplash.com/photo-1534422298391-e4f8c172dddb?q=80&w=600&auto=format&fit=crop,true,false,false,false,true,5,1436,10,17,535,crispy,fresh,Cheese,Sauce,Vegetables,2026-05-12T14:37:28.487324,2026-05-12T14:37:28.487326,,
6a033bda4b50de809d0702fc,Chocolate Cake 71,chocolate-cake-71,Perfect for your cravings.,desserts,cake,183,153,INR,https://images.unsplash.com/photo-1578985545062-69928b1d9587?q=80&w=600&auto=format&fit=crop,https://images.unsplash.com/photo-1606890737304-57a1ca8a5b62?q=80&w=600&auto=format&fit=crop,https://images.unsplash.com/photo-1588195538326-c5b1e9f80a1b?q=80&w=600&auto=format&fit=crop,true,true,false,false,false,4.8,157,28,21,435,best seller,fresh,Cheese,Sauce,Vegetables,2026-05-12T14:37:28.487348,2026-05-12T14:37:28.487350,,
6a033bda4b50de809d0702fd,Red Velvet Cake 72,red-velvet-cake-72,Perfect for your cravings.,desserts,cake,92,82,INR,https://images.unsplash.com/photo-1578985545062-69928b1d9587?q=80&w=600&auto=format&fit=crop,https://images.unsplash.com/photo-1606890737304-57a1ca8a5b62?q=80&w=600&auto=format&fit=crop,https://images.unsplash.com/photo-1588195538326-c5b1e9f80a1b?q=80&w=600&auto=format&fit=crop,true,true,false,true,false,3.9,690,29,28,689,spicy,crispy,Cheese,Sauce,Vegetables,2026-05-12T14:37:28.487388,2026-05-12T14:37:28.487391,Milk,Gluten
6a033bda4b50de809d0702fe,Brownie Sundae 73,brownie-sundae-73,Brownie Sundae 73,desserts,brownie,91,61,INR,https://images.unsplash.com/photo-1606313564200-e75d5e30476c?q=80&w=600&auto=format&fit=crop,https://images.unsplash.com/photo-1564355808539-22fda35bed7e?q=80&w=600&auto=format&fit=crop,https://images.unsplash.com/photo-1504674900247-0877df9cc836?q=80&w=600&auto=format&fit=crop,true,true,true,true,true,4.6,778,30,12,357,popular,cheesy,Cheese,Sauce,Vegetables,2026-05-12T14:37:28.487430,2026-05-13T08:27:01.685Z,Milk,Gluten
6a033bda4b50de809d0702ff,Vanilla Ice Cream 74,vanilla-ice-cream-74,Perfect for your cravings.,desserts,ice cream,152,142,INR,https://images.unsplash.com/photo-1560008511-11c63416e52d?q=80&w=600&auto=format&fit=crop,https://images.unsplash.com/photo-1501443762994-82bd5dace89a?q=80&w=600&auto=format&fit=crop,https://images.unsplash.com/photo-1497034825429-c343d7c6a68f?q=80&w=600&auto=format&fit=crop,true,true,true,true,false,4.6,1203,22,83,803,popular,cheesy,Cheese,Sauce,Vegetables,2026-05-12T14:37:28.487464,2026-05-12T14:37:28.487466,,
6a033bda4b50de809d070300,Chocolate Ice Cream 75,chocolate-ice-cream-75,Customer favorite with premium ingredients.,desserts,ice cream,177,157,INR,https://images.unsplash.com/photo-1560008511-11c63416e52d?q=80&w=600&auto=format&fit=crop,https://images.unsplash.com/photo-1501443762994-82bd5dace89a?q=80&w=600&auto=format&fit=crop,https://images.unsplash.com/photo-1497034825429-c343d7c6a68f?q=80&w=600&auto=format&fit=crop,true,true,false,true,false,3.9,142,25,93,835,best seller,fresh,Cheese,Sauce,Vegetables,2026-05-12T14:37:28.487489,2026-05-12T14:37:28.487490,Milk,Gluten
6a033bda4b50de809d070301,Blueberry Cheesecake 76,blueberry-cheesecake-76,Rich flavor and satisfying taste.,desserts,cheesecake,114,114,INR,https://images.unsplash.com/photo-1533134242443-d4fd215305ad?q=80&w=600&auto=format&fit=crop,https://images.unsplash.com/photo-1533134242443-d4fd215305ad?q=80&w=600&auto=format&fit=crop,https://images.unsplash.com/photo-1533134242443-d4fd215305ad?q=80&w=600&auto=format&fit=crop,true,true,false,false,false,3.9,219,19,15,531,popular,best seller,Cheese,Sauce,Vegetables,2026-05-12T14:37:28.487531,2026-05-12T14:37:28.487534,Milk,Gluten
6a033bda4b50de809d070302,Chocolate Donut 77,chocolate-donut-77,Customer favorite with premium ingredients.,desserts,donut,170,150,INR,https://images.unsplash.com/photo-1551024601-bec78aea704b?q=80&w=600&auto=format&fit=crop,https://images.unsplash.com/photo-1533089860892-a7c6f0a88666?q=80&w=600&auto=format&fit=crop,https://images.unsplash.com/photo-1612240498936-65f5101365d2?q=80&w=600&auto=format&fit=crop,true,true,false,false,true,4.4,559,10,58,393,best seller,crispy,Cheese,Sauce,Vegetables,2026-05-12T14:37:28.487559,2026-05-12T14:37:28.487561,Milk,Gluten
6a033bda4b50de809d070303,Waffles with Syrup 78,waffles-with-syrup-78,Freshly prepared and delicious.,desserts,waffles,172,142,INR,https://images.unsplash.com/photo-1504754524776-8f4f37790ca0?q=80&w=600&auto=format&fit=crop,https://images.unsplash.com/photo-1482049016688-2d3e1b311543?q=80&w=600&auto=format&fit=crop,https://images.unsplash.com/photo-1526424382096-74a93e105682?q=80&w=600&auto=format&fit=crop,true,true,false,true,false,4.4,393,27,14,568,fresh,popular,Cheese,Sauce,Vegetables,2026-05-12T14:37:28.487584,2026-05-12T14:37:28.487585,,
6a033bda4b50de809d070304,Fruit Custard 79,fruit-custard-79,Freshly prepared and delicious.,desserts,custard,180,160,INR,https://images.unsplash.com/photo-1551024506-0bccd828d307?q=80&w=600&auto=format&fit=crop,https://images.unsplash.com/photo-1488477181946-6428a0291777?q=80&w=600&auto=format&fit=crop,https://images.unsplash.com/photo-1563729784474-d77dbb933a9e?q=80&w=600&auto=format&fit=crop,true,true,false,true,false,4.6,1109,10,54,767,cheesy,best seller,Cheese,Sauce,Vegetables,2026-05-12T14:37:28.487608,2026-05-12T14:37:28.487610,Milk,Gluten
6a033bda4b50de809d070305,Muffin 80,muffin-80,Customer favorite with premium ingredients.,desserts,muffin,124,124,INR,https://images.unsplash.com/photo-1550617931-e17a7b70dce2?q=80&w=600&auto=format&fit=crop,https://images.unsplash.com/photo-1490645935967-10de6ba17061?q=80&w=600&auto=format&fit=crop,https://images.unsplash.com/photo-1607958996333-41aef7caefaa?q=80&w=600&auto=format&fit=crop,true,true,false,false,true,4.8,1204,22,92,262,cheesy,crispy,Cheese,Sauce,Vegetables,2026-05-12T14:37:28.487637,2026-05-12T14:37:28.487639,Milk,Gluten
6a033bda4b50de809d070306,Classic Veg Burger 81,classic-veg-burger-81,Rich flavor and satisfying taste.,snacks,burger,153,153,INR,https://images.unsplash.com/photo-1568901346375-23c9450c58cd?q=80&w=600&auto=format&fit=crop,https://images.unsplash.com/photo-1550547660-d9450f859349?q=80&w=600&auto=format&fit=crop,https://images.unsplash.com/photo-1571091718767-18b5b1457add?q=80&w=600&auto=format&fit=crop,true,true,false,true,true,4.2,914,29,30,717,cheesy,best seller,Cheese,Sauce,Vegetables,2026-05-12T14:37:28.487662,2026-05-12T14:37:28.487663,Milk,Gluten
6a033bda4b50de809d070307,Chicken Burger 82,chicken-burger-82,Served hot and tasty.,snacks,burger,99,89,INR,https://images.unsplash.com/photo-1568901346375-23c9450c58cd?q=80&w=600&auto=format&fit=crop,https://images.unsplash.com/photo-1550547660-d9450f859349?q=80&w=600&auto=format&fit=crop,https://images.unsplash.com/photo-1571091718767-18b5b1457add?q=80&w=600&auto=format&fit=crop,true,false,true,true,false,4.7,1007,18,89,612,best seller,popular,Cheese,Sauce,Vegetables,2026-05-12T14:37:28.487685,2026-05-12T14:37:28.487686,Milk,Gluten
6a033bda4b50de809d070308,Paneer Wrap 83,paneer-wrap-83,Freshly prepared and delicious.,snacks,wrap,126,106,INR,https://images.unsplash.com/photo-1562059390-a761a084768e?q=80&w=600&auto=format&fit=crop,https://images.unsplash.com/photo-1509722747041-616f39b57569?q=80&w=600&auto=format&fit=crop,https://images.unsplash.com/photo-1498837167922-ddd27525d352?q=80&w=600&auto=format&fit=crop,true,true,false,true,false,4.4,1260,5,80,825,spicy,best seller,Cheese,Sauce,Vegetables,2026-05-12T14:37:28.487708,2026-05-12T14:37:28.487709,Milk,Gluten
6a033bda4b50de809d070309,Chicken Wrap 84,chicken-wrap-84,Perfect for your cravings.,snacks,wrap,160,130,INR,https://images.unsplash.com/photo-1562059390-a761a084768e?q=80&w=600&auto=format&fit=crop,https://images.unsplash.com/photo-1509722747041-616f39b57569?q=80&w=600&auto=format&fit=crop,https://images.unsplash.com/photo-1498837167922-ddd27525d352?q=80&w=600&auto=format&fit=crop,true,false,false,true,false,4.4,933,14,69,350,fresh,spicy,Cheese,Sauce,Vegetables,2026-05-12T14:37:28.487733,2026-05-12T14:37:28.487735,Milk,Gluten
6a033bda4b50de809d07030a,French Fries 85,french-fries-85,Served hot and tasty.,snacks,fries,144,144,INR,https://images.unsplash.com/photo-1573080496219-bb080dd4f877?q=80&w=600&auto=format&fit=crop,https://images.unsplash.com/photo-1576107232684-1279f390859f?q=80&w=600&auto=format&fit=crop,https://images.unsplash.com/photo-1585109649139-366815a0d713?q=80&w=600&auto=format&fit=crop,true,true,true,true,true,4.3,205,24,44,310,spicy,crispy,Cheese,Sauce,Vegetables,2026-05-12T14:37:28.487760,2026-05-12T14:37:28.487762,,
6a033bda4b50de809d07030b,Peri Peri Fries 86,peri-peri-fries-86,Freshly prepared and delicious.,snacks,fries,153,123,INR,https://images.unsplash.com/photo-1573080496219-bb080dd4f877?q=80&w=600&auto=format&fit=crop,https://images.unsplash.com/photo-1576107232684-1279f390859f?q=80&w=600&auto=format&fit=crop,https://images.unsplash.com/photo-1585109649139-366815a0d713?q=80&w=600&auto=format&fit=crop,true,true,true,true,true,4.3,1489,29,47,294,spicy,popular,Cheese,Sauce,Vegetables,2026-05-12T14:37:28.487784,2026-05-12T14:37:28.487785,Milk,Gluten
6a033bda4b50de809d07030c,Veg Sandwich 87,veg-sandwich-87,Perfect for your cravings.,snacks,sandwich,138,138,INR,https://images.unsplash.com/photo-1528735602780-2552fd46c7af?q=80&w=600&auto=format&fit=crop,https://images.unsplash.com/photo-1553909489-cd47e0907980?q=80&w=600&auto=format&fit=crop,https://images.unsplash.com/photo-1504674900247-0877df9cc836?q=80&w=600&auto=format&fit=crop,true,true,false,false,false,4.9,1090,19,27,669,popular,crispy,Cheese,Sauce,Vegetables,2026-05-12T14:37:28.487807,2026-05-12T14:37:28.487809,,
6a033bda4b50de809d07030d,Club Sandwich 88,club-sandwich-88,Rich flavor and satisfying taste.,snacks,sandwich,97,77,INR,https://images.unsplash.com/photo-1528735602780-2552fd46c7af?q=80&w=600&auto=format&fit=crop,https://images.unsplash.com/photo-1553909489-cd47e0907980?q=80&w=600&auto=format&fit=crop,https://images.unsplash.com/photo-1504674900247-0877df9cc836?q=80&w=600&auto=format&fit=crop,true,false,true,false,true,4.9,624,18,26,749,cheesy,spicy,Cheese,Sauce,Vegetables,2026-05-12T14:37:28.487838,2026-05-12T14:37:28.487841,,
6a033bda4b50de809d07030e,Cheese Garlic Bread 89,cheese-garlic-bread-89,Customer favorite with premium ingredients.,snacks,bread,138,138,INR,https://images.unsplash.com/photo-1573140247632-f8fd74997d5c?q=80&w=600&auto=format&fit=crop,https://images.unsplash.com/photo-1544982503-9f984c14501a?q=80&w=600&auto=format&fit=crop,https://images.unsplash.com/photo-1619535860434-ba1d8fa12536?q=80&w=600&auto=format&fit=crop,true,true,true,true,true,4.5,557,15,47,343,cheesy,popular,Cheese,Sauce,Vegetables,2026-05-12T14:37:28.487876,2026-05-12T14:37:28.487880,Milk,Gluten
6a033bda4b50de809d07030f,Chicken Nuggets 90,chicken-nuggets-90,Customer favorite with premium ingredients.,snacks,fried chicken,129,109,INR,https://images.unsplash.com/photo-1562967914-608f82629710?q=80&w=600&auto=format&fit=crop,https://images.unsplash.com/photo-1569058242253-92a9c755a0ec?q=80&w=600&auto=format&fit=crop,https://images.unsplash.com/photo-1626082927389-6cd097cdc6ec?q=80&w=600&auto=format&fit=crop,true,false,true,true,false,4.8,394,27,84,889,best seller,cheesy,Cheese,Sauce,Vegetables,2026-05-12T14:37:28.487916,2026-05-12T14:37:28.487919,Milk,Gluten
6a033bda4b50de809d070310,Cold Coffee 91,cold-coffee-91,Rich flavor and satisfying taste.,drinks,coffee,133,103,INR,https://images.unsplash.com/photo-1517701604599-bb29b565090c?q=80&w=600&auto=format&fit=crop,https://images.unsplash.com/photo-1490645935967-10de6ba17061?q=80&w=600&auto=format&fit=crop,https://images.unsplash.com/photo-1497515114629-f71d768fd07c?q=80&w=600&auto=format&fit=crop,true,true,true,true,true,4.7,1284,27,95,392,popular,fresh,Cheese,Sauce,Vegetables,2026-05-12T14:37:28.488266,2026-05-12T14:37:28.488274,Milk,Gluten
6a033bda4b50de809d070311,Cappuccino 92,cappuccino-92,Rich flavor and satisfying taste.,drinks,coffee,95,75,INR,https://images.unsplash.com/photo-1534778101976-62847782c213?q=80&w=600&auto=format&fit=crop,https://images.unsplash.com/photo-1490645935967-10de6ba17061?q=80&w=600&auto=format&fit=crop,https://images.unsplash.com/photo-1509042239860-f550ce710b93?q=80&w=600&auto=format&fit=crop,true,true,false,true,false,4.6,1218,25,35,529,popular,spicy,Cheese,Sauce,Vegetables,2026-05-12T14:37:28.488307,2026-05-12T14:37:28.488309,,
6a033bda4b50de809d070312,Cafe Latte 93,cafe-latte-93,Freshly prepared and delicious.,drinks,coffee,147,117,INR,https://images.unsplash.com/photo-1541167760496-1628856ab772?q=80&w=600&auto=format&fit=crop,https://images.unsplash.com/photo-1509042239860-f550ce710b93?q=80&w=600&auto=format&fit=crop,https://images.unsplash.com/photo-1517701604599-bb29b565090c?q=80&w=600&auto=format&fit=crop,true,true,true,false,true,4,1490,22,83,735,spicy,popular,Cheese,Sauce,Vegetables,2026-05-12T14:37:28.488348,2026-05-12T14:37:28.488354,,
6a033bda4b50de809d070313,Chocolate Milkshake 94,chocolate-milkshake-94,Customer favorite with premium ingredients.,drinks,milkshake,117,117,INR,https://images.unsplash.com/photo-1572490122747-3968b75cc699?q=80&w=600&auto=format&fit=crop,https://images.unsplash.com/photo-1579954115545-a95591f28bfc?q=80&w=600&auto=format&fit=crop,https://images.unsplash.com/photo-1504674900247-0877df9cc836?q=80&w=600&auto=format&fit=crop,true,true,false,true,false,5,1265,10,97,825,spicy,best seller,Cheese,Sauce,Vegetables,2026-05-12T14:37:28.488396,2026-05-12T14:37:28.488399,,
6a033bda4b50de809d070314,Oreo Shake 95,oreo-shake-95,Served hot and tasty.,drinks,milkshake,60,30,INR,https://images.unsplash.com/photo-1572490122747-3968b75cc699?q=80&w=600&auto=format&fit=crop,https://images.unsplash.com/photo-1579954115545-a95591f28bfc?q=80&w=600&auto=format&fit=crop,https://images.unsplash.com/photo-1504674900247-0877df9cc836?q=80&w=600&auto=format&fit=crop,true,true,true,false,false,4.9,1345,5,66,543,best seller,crispy,Cheese,Sauce,Vegetables,2026-05-12T14:37:28.488439,2026-05-12T14:37:28.488441,Milk,Gluten
6a033bda4b50de809d070315,Virgin Mojito 96,virgin-mojito-96,Freshly prepared and delicious.,drinks,mojito,139,139,INR,https://images.unsplash.com/photo-1513558161293-cdaf765ed2fd?q=80&w=600&auto=format&fit=crop,https://images.unsplash.com/photo-1546171753-97d7676e4602?q=80&w=600&auto=format&fit=crop,https://images.unsplash.com/photo-1514362545857-3bc16c4c7d1b?q=80&w=600&auto=format&fit=crop,true,true,true,false,true,4.9,1486,6,23,327,crispy,popular,Cheese,Sauce,Vegetables,2026-05-12T14:37:28.488480,2026-05-12T14:37:28.488483,,
6a033bda4b50de809d070316,Lemon Iced Tea 97,lemon-iced-tea-97,Freshly prepared and delicious.,drinks,iced tea,133,113,INR,https://images.unsplash.com/photo-1499638673689-79a0b5115d87?q=80&w=600&auto=format&fit=crop,https://images.unsplash.com/photo-1556881286-fc6915169721?q=80&w=600&auto=format&fit=crop,https://images.unsplash.com/photo-1513558161293-cdaf765ed2fd?q=80&w=600&auto=format&fit=crop,true,true,true,true,false,4.8,773,20,51,345,spicy,popular,Cheese,Sauce,Vegetables,2026-05-12T14:37:28.488527,2026-05-12T14:37:28.488529,Milk,Gluten
6a033bda4b50de809d070317,Strawberry Smoothie 98,strawberry-smoothie-98,Served hot and tasty.,drinks,smoothie,89,89,INR,https://images.unsplash.com/photo-1553530666-ba11a7da3888?q=80&w=600&auto=format&fit=crop,https://images.unsplash.com/photo-1490645935967-10de6ba17061?q=80&w=600&auto=format&fit=crop,https://images.unsplash.com/photo-1504674900247-0877df9cc836?q=80&w=600&auto=format&fit=crop,true,true,true,false,false,4.1,426,5,71,673,best seller,popular,Cheese,Sauce,Vegetables,2026-05-12T14:37:28.488566,2026-05-12T14:37:28.488568,,
6a033bda4b50de809d070318,Mango Shake 99,mango-shake-99,Perfect for your cravings.,drinks,milkshake,67,37,INR,https://images.unsplash.com/photo-1572490122747-3968b75cc699?q=80&w=600&auto=format&fit=crop,https://images.unsplash.com/photo-1579954115545-a95591f28bfc?q=80&w=600&auto=format&fit=crop,https://images.unsplash.com/photo-1504674900247-0877df9cc836?q=80&w=600&auto=format&fit=crop,true,true,false,true,false,4.7,948,15,62,826,spicy,best seller,Cheese,Sauce,Vegetables,2026-05-12T14:37:28.488592,2026-05-12T14:37:28.488594,Milk,Gluten
6a033bda4b50de809d070319,Green Tea 100,green-tea-100,Rich flavor and satisfying taste.,drinks,tea,114,114,INR,https://images.unsplash.com/photo-1564890369478-c89ca6d9cde9?q=80&w=600&auto=format&fit=crop,https://images.unsplash.com/photo-1597481499750-3e6b22637e12?q=80&w=600&auto=format&fit=crop,https://images.unsplash.com/photo-1576092768241-dec231879fc3?q=80&w=600&auto=format&fit=crop,true,true,false,true,true,5,1484,14,51,303,best seller,popular,Cheese,Sauce,Vegetables,2026-05-12T14:37:28.488617,2026-05-12T14:37:28.488619,Milk,Gluten
